INSERT INTO base_countries ("id", "name") VALUES
  ('AD', 'Andorra'),
  ('AE', 'United Arab Emirates'),
  ('AF', 'Afghanistan'),
  ('AG', 'Antigua and Barbuda'),
  ('AI', 'Anguilla'),
  ('AL', 'Albania'),
  ('AM', 'Armenia'),
  ('AO', 'Angola'),
  ('AQ', 'Antarctica'),
  ('AR', 'Argentina'),
  ('AS', 'American Samoa'),
  ('AT', 'Austria'),
  ('AU', 'Australia'),
  ('AW', 'Aruba'),
  ('AX', 'Åland'),
  ('AZ', 'Azerbaijan'),
  ('BA', 'Bosnia and Herzegovina'),
  ('BB', 'Barbados'),
  ('BD', 'Bangladesh'),
  ('BE', 'Belgium'),
  ('BF', 'Burkina Faso'),
  ('BG', 'Bulgaria'),
  ('BH', 'Bahrain'),
  ('BI', 'Burundi'),
  ('BJ', 'Benin'),
  ('BL', 'Saint Barthélemy'),
  ('BM', 'Bermuda'),
  ('BN', 'Brunei'),
  ('BO', 'Bolivia'),
  ('BQ', 'Bonaire'),
  ('BR', 'Brazil'),
  ('BS', 'Bahamas'),
  ('BT', 'Bhutan'),
  ('BV', 'Bouvet Island'),
  ('BW', 'Botswana'),
  ('BY', 'Belarus'),
  ('BZ', 'Belize'),
  ('CA', 'Canada'),
  ('CC', 'Cocos [Keeling] Islands'),
  ('CD', 'Democratic Republic of the Congo'),
  ('CF', 'Central African Republic'),
  ('CG', 'Republic of the Congo'),
  ('CH', 'Switzerland'),
  ('CI', 'Ivory Coast'),
  ('CK', 'Cook Islands'),
  ('CL', 'Chile'),
  ('CM', 'Cameroon'),
  ('CN', 'China'),
  ('CO', 'Colombia'),
  ('CR', 'Costa Rica'),
  ('CU', 'Cuba'),
  ('CV', 'Cape Verde'),
  ('CW', 'Curacao'),
  ('CX', 'Christmas Island'),
  ('CY', 'Cyprus'),
  ('CZ', 'Czechia'),
  ('DE', 'Germany'),
  ('DJ', 'Djibouti'),
  ('DK', 'Denmark'),
  ('DM', 'Dominica'),
  ('DO', 'Dominican Republic'),
  ('DZ', 'Algeria'),
  ('EC', 'Ecuador'),
  ('EE', 'Estonia'),
  ('EG', 'Egypt'),
  ('EH', 'Western Sahara'),
  ('ER', 'Eritrea'),
  ('ES', 'Spain'),
  ('ET', 'Ethiopia'),
  ('FI', 'Finland'),
  ('FJ', 'Fiji'),
  ('FK', 'Falkland Islands'),
  ('FM', 'Micronesia'),
  ('FO', 'Faroe Islands'),
  ('FR', 'France'),
  ('GA', 'Gabon'),
  ('GB', 'United Kingdom'),
  ('GD', 'Grenada'),
  ('GE', 'Georgia'),
  ('GF', 'French Guiana'),
  ('GG', 'Guernsey'),
  ('GH', 'Ghana'),
  ('GI', 'Gibraltar'),
  ('GL', 'Greenland'),
  ('GM', 'Gambia'),
  ('GN', 'Guinea'),
  ('GP', 'Guadeloupe'),
  ('GQ', 'Equatorial Guinea'),
  ('GR', 'Greece'),
  ('GS', 'South Georgia and the South Sandwich Islands'),
  ('GT', 'Guatemala'),
  ('GU', 'Guam'),
  ('GW', 'Guinea-Bissau'),
  ('GY', 'Guyana'),
  ('HK', 'Hong Kong'),
  ('HM', 'Heard Island and McDonald Islands'),
  ('HN', 'Honduras'),
  ('HR', 'Croatia'),
  ('HT', 'Haiti'),
  ('HU', 'Hungary'),
  ('ID', 'Indonesia'),
  ('IE', 'Ireland'),
  ('IL', 'Israel'),
  ('IM', 'Isle of Man'),
  ('IN', 'India'),
  ('IO', 'British Indian Ocean Territory'),
  ('IQ', 'Iraq'),
  ('IR', 'Iran'),
  ('IS', 'Iceland'),
  ('IT', 'Italy'),
  ('JE', 'Jersey'),
  ('JM', 'Jamaica'),
  ('JO', 'Jordan'),
  ('JP', 'Japan'),
  ('KE', 'Kenya'),
  ('KG', 'Kyrgyzstan'),
  ('KH', 'Cambodia'),
  ('KI', 'Kiribati'),
  ('KM', 'Comoros'),
  ('KN', 'Saint Kitts and Nevis'),
  ('KP', 'North Korea'),
  ('KR', 'South Korea'),
  ('KW', 'Kuwait'),
  ('KY', 'Cayman Islands'),
  ('KZ', 'Kazakhstan'),
  ('LA', 'Laos'),
  ('LB', 'Lebanon'),
  ('LC', 'Saint Lucia'),
  ('LI', 'Liechtenstein'),
  ('LK', 'Sri Lanka'),
  ('LR', 'Liberia'),
  ('LS', 'Lesotho'),
  ('LT', 'Lithuania'),
  ('LU', 'Luxembourg'),
  ('LV', 'Latvia'),
  ('LY', 'Libya'),
  ('MA', 'Morocco'),
  ('MC', 'Monaco'),
  ('MD', 'Moldova'),
  ('ME', 'Montenegro'),
  ('MF', 'Saint Martin'),
  ('MG', 'Madagascar'),
  ('MH', 'Marshall Islands'),
  ('MK', 'Macedonia'),
  ('ML', 'Mali'),
  ('MM', 'Myanmar [Burma]'),
  ('MN', 'Mongolia'),
  ('MO', 'Macao'),
  ('MP', 'Northern Mariana Islands'),
  ('MQ', 'Martinique'),
  ('MR', 'Mauritania'),
  ('MS', 'Montserrat'),
  ('MT', 'Malta'),
  ('MU', 'Mauritius'),
  ('MV', 'Maldives'),
  ('MW', 'Malawi'),
  ('MX', 'Mexico'),
  ('MY', 'Malaysia'),
  ('MZ', 'Mozambique'),
  ('NA', 'Namibia'),
  ('NC', 'New Caledonia'),
  ('NE', 'Niger'),
  ('NF', 'Norfolk Island'),
  ('NG', 'Nigeria'),
  ('NI', 'Nicaragua'),
  ('NL', 'Netherlands'),
  ('NO', 'Norway'),
  ('NP', 'Nepal'),
  ('NR', 'Nauru'),
  ('NU', 'Niue'),
  ('NZ', 'New Zealand'),
  ('OM', 'Oman'),
  ('PA', 'Panama'),
  ('PE', 'Peru'),
  ('PF', 'French Polynesia'),
  ('PG', 'Papua New Guinea'),
  ('PH', 'Philippines'),
  ('PK', 'Pakistan'),
  ('PL', 'Poland'),
  ('PM', 'Saint Pierre and Miquelon'),
  ('PN', 'Pitcairn Islands'),
  ('PR', 'Puerto Rico'),
  ('PS', 'Palestine'),
  ('PT', 'Portugal'),
  ('PW', 'Palau'),
  ('PY', 'Paraguay'),
  ('QA', 'Qatar'),
  ('RE', 'Réunion'),
  ('RO', 'Romania'),
  ('RS', 'Serbia'),
  ('RU', 'Russia'),
  ('RW', 'Rwanda'),
  ('SA', 'Saudi Arabia'),
  ('SB', 'Solomon Islands'),
  ('SC', 'Seychelles'),
  ('SD', 'Sudan'),
  ('SE', 'Sweden'),
  ('SG', 'Singapore'),
  ('SH', 'Saint Helena'),
  ('SI', 'Slovenia'),
  ('SJ', 'Svalbard and Jan Mayen'),
  ('SK', 'Slovakia'),
  ('SL', 'Sierra Leone'),
  ('SM', 'San Marino'),
  ('SN', 'Senegal'),
  ('SO', 'Somalia'),
  ('SR', 'Suriname'),
  ('SS', 'South Sudan'),
  ('ST', 'São Tomé and Príncipe'),
  ('SV', 'El Salvador'),
  ('SX', 'Sint Maarten'),
  ('SY', 'Syria'),
  ('SZ', 'Swaziland'),
  ('TC', 'Turks and Caicos Islands'),
  ('TD', 'Chad'),
  ('TF', 'French Southern Territories'),
  ('TG', 'Togo'),
  ('TH', 'Thailand'),
  ('TJ', 'Tajikistan'),
  ('TK', 'Tokelau'),
  ('TL', 'East Timor'),
  ('TM', 'Turkmenistan'),
  ('TN', 'Tunisia'),
  ('TO', 'Tonga'),
  ('TR', 'Turkey'),
  ('TT', 'Trinidad and Tobago'),
  ('TV', 'Tuvalu'),
  ('TW', 'Taiwan'),
  ('TZ', 'Tanzania'),
  ('UA', 'Ukraine'),
  ('UG', 'Uganda'),
  ('UM', 'U.S. Minor Outlying Islands'),
  ('US', 'United States'),
  ('UY', 'Uruguay'),
  ('UZ', 'Uzbekistan'),
  ('VA', 'Vatican City'),
  ('VC', 'Saint Vincent and the Grenadines'),
  ('VE', 'Venezuela'),
  ('VG', 'British Virgin Islands'),
  ('VI', 'U.S. Virgin Islands'),
  ('VN', 'Vietnam'),
  ('VU', 'Vanuatu'),
  ('WF', 'Wallis and Futuna'),
  ('WS', 'Samoa'),
  ('XK', 'Kosovo'),
  ('YE', 'Yemen'),
  ('YT', 'Mayotte'),
  ('ZA', 'South Africa'),
  ('ZM', 'Zambia'),
  ('ZW', 'Zimbabwe'),
  ('ZR', 'Zaire (Congo)'),
  ('AN', 'Netherlands Antilles'),
  ('O1', 'Other');

insert into base_currencies ("id", "symbol", "defaultConversion") values ('EUR', '€', 1), ('USD', '$', 1), ('SEK', 'kr.', 10), ('NOK', 'kr.', 10), ('GBP', '£', 1);

insert into conversion_rate_histories ("currencyId", "conversionRate") values ('EUR', 1);

insert into base_languages ("id", "name") values ('en', 'English'), ('fi', 'Finnish'), ('sv', 'Swedish'), ('no', 'Norwegian'), ('de', 'German');

insert into brands ("id", "name") values ('LD', 'LuckyDino'), ('CJ', 'CasinoJEFE'), ('KK', 'Kalevala'), ('OS', 'OlaSpill');

insert into currencies ("brandId", "id") values ('LD', 'EUR'), ('LD', 'USD'), ('LD', 'SEK'), ('LD', 'NOK'), ('LD', 'GBP');
insert into currencies ("brandId", "id") values ('CJ', 'EUR'), ('CJ', 'USD'), ('CJ', 'SEK'), ('CJ', 'NOK'), ('CJ', 'GBP');
insert into currencies ("brandId", "id") values ('KK', 'EUR');
INSERT INTO currencies ("brandId", "id") VALUES ('OS', 'NOK');

insert into countries ("brandId", "id", "monthlyIncomeThreshold") values ('LD', 'FI', 500000), ('LD', 'SE', 500000), ('LD', 'DE', 500000), ('LD', 'NO', 500000), ('LD', 'MT', null);
insert into countries ("brandId", "id") values ('CJ', 'FI'), ('CJ', 'SE'), ('CJ', 'DE'), ('CJ', 'NO'), ('CJ', 'MT');
insert into countries ("brandId", "id") values ('KK', 'FI'), ('KK', 'MT');
insert into countries ("brandId", "id", "minimumAge") values ('LD', 'EE', 21), ('CJ', 'EE', 21);
insert into countries ("brandId", "id", "loginAllowed", "registrationAllowed") values ('LD', 'US', false, false), ('CJ', 'US', false, false), ('KK', 'US', false, false);
INSERT INTO countries ("brandId", "id") VALUES ('OS', 'NO'), ('OS', 'MT');

insert into languages ("id", "brandId") values ('en', 'LD'), ('sv', 'LD'), ('fi', 'LD'), ('de', 'LD'), ('no', 'LD');
insert into languages ("id", "brandId") values ('en', 'CJ'), ('sv', 'CJ'), ('fi', 'CJ'), ('de', 'CJ'), ('no', 'CJ');
insert into languages ("id", "brandId") values ('fi', 'KK');
INSERT INTO languages ("id", "brandId") VALUES ('no', 'OS');

insert into game_manufacturers ("id", "name", "active", "parentId") values
('NE', 'NetEnt', true, null),
('NES', 'NetEnt(SWE)', true, 'NE'),
('SGI', 'WilliamsInteractive', true, null),
('PNG', 'PlayNGo', true, null),
('PGM', 'PlayNGo(MT)', true, 'PNG'),
('MGS', 'Microgaming', true, null),
('MGL', 'Microgaming(Old)', false, 'MGS'),
('MGM', 'Microgaming(MT)', true, 'MGS'),
('PP', 'PragmaticPlay', true, null),
('YGG', 'Yggdrasil', true, null),
('YGM', 'Yggdrasil(MT)', true, 'YGG'),
('HB', 'Habanero', true, null),
('TK', 'Thunderkick', true, null),
('LW', 'LottoWarehouse', true, null),
('RTG', 'RedTigerGames', true, null);

insert into game_profiles
  ("id", "brandId", "name", "wageringMultiplier")
values
  (1, 'LD', 'Slots', 100),
  (2, 'CJ', 'Slots', 100),
  (3, 'KK', 'Slots', 100),
  (4, 'LD', 'Table games', 0),
  (5, 'CJ', 'Table games', 0),
  (6, 'KK', 'Table games', 0),
  (7, 'LD', 'Limited wagering', 50),
  (8, 'CJ', 'Limited wagering', 50),
  (9, 'KK', 'Limited wagering', 50),
  (10, 'OS', 'Slots', 100),
  (11, 'OS', 'Table games', 0),
  (12, 'OS', 'Limited wagering', 50);

insert into payment_methods ("id", "name", "allowAutoVerification") values (1, 'BankTransfer', true);
insert into payment_methods ("id", "name") values (2, 'Neteller');
insert into payment_methods ("id", "name") values (3, 'Skrill');
insert into payment_methods ("id", "name") values (4, 'CreditCard');
insert into payment_methods ("id", "name", "requireVerification") values (5, 'Zimpler', false);
insert into payment_methods ("id", "name", "requireVerification") values (6, 'Moneta', false);
insert into payment_methods ("id", "name", "requireVerification", "highRisk") values (7, 'PaySafe', false, true);
insert into payment_methods ("id", "name", "requireVerification") values (8, 'SiruMobile', false);
insert into payment_methods ("id", "name") values (9, 'Ochapay');
insert into payment_methods ("id", "name", "requireVerification") values (10, 'Sofort', false);
insert into payment_methods ("id", "name", "active") values (11, 'SkrillPSP', false);
insert into payment_methods ("id", "name", "active") values (12, 'WebDollar', false);
insert into payment_methods ("id", "name", "active") values (13, 'InstantBank', false);
insert into payment_methods ("id", "name", "requireVerification", "highRisk") values (14, 'MasterCard', false, true);

insert into payment_providers ("id", "name", "paymentMethodId", "deposits", "withdrawals") values (1, 'Entercash', 1, true, true);
insert into payment_providers ("id", "name", "paymentMethodId", "deposits", "withdrawals") values (2, 'BOV', 1, false, true);
insert into payment_providers ("id", "name", "paymentMethodId", "deposits", "withdrawals") values (3, 'Neteller', 2, true, true);
insert into payment_providers ("id", "name", "paymentMethodId", "deposits", "withdrawals") values (4, 'Skrill', 3, true, true);
insert into payment_providers ("id", "name", "paymentMethodId", "deposits", "withdrawals") values (5, 'Worldpay', 4, true, true);
insert into payment_providers ("id", "name", "paymentMethodId", "deposits", "withdrawals") values (6, 'Ochapay', 9, true, false);
insert into payment_providers ("id", "name", "paymentMethodId", "deposits", "withdrawals") values (7, 'Zimpler', 5, true, false);
insert into payment_providers ("id", "name", "paymentMethodId", "deposits", "withdrawals") values (8, 'Worldpay', 6, true, false);
insert into payment_providers ("id", "name", "paymentMethodId", "deposits", "withdrawals") values (9, 'Worldpay', 7, true, false);
insert into payment_providers ("id", "name", "paymentMethodId", "deposits", "withdrawals") values (10, 'SiruMobile', 8, true, false);
insert into payment_providers ("id", "name", "paymentMethodId", "deposits", "withdrawals") values (11, 'Worldpay', 10, true, false);
insert into payment_providers ("id", "name", "paymentMethodId", "deposits", "withdrawals", "active") values (12, 'SkrillPSP', 10, false, false, false);
insert into payment_providers ("id", "name", "paymentMethodId", "deposits", "withdrawals", "active") values (13, 'WebDollar', 11, false, false, false);
insert into payment_providers ("id", "name", "paymentMethodId", "deposits", "withdrawals", "active") values (14, 'Legacy', 12, false, false, false);
insert into payment_providers ("id", "name", "paymentMethodId", "deposits", "withdrawals", "active") values (15, 'APCO', 4, false, false, false);
insert into payment_providers ("id", "name", "paymentMethodId", "deposits", "withdrawals", "active") values (16, 'EMP', 4, true, false, true);
insert into payment_providers ("id", "name", "paymentMethodId", "deposits", "withdrawals", "active") values (17, 'EMP', 14, true, false, true);

insert into payment_method_limits ("paymentMethodId", "brandId", "currencyId", "minDeposit", "maxDeposit", "minWithdrawal", "maxWithdrawal") values (1, 'LD', 'EUR', 2000, 1000000, 2500, 10000000);
insert into payment_method_limits ("paymentMethodId", "brandId", "currencyId", "minDeposit", "maxDeposit", "minWithdrawal", "maxWithdrawal") values (2, 'LD', 'EUR', 2000, 1000000, 2500, 10000000);
insert into payment_method_limits ("paymentMethodId", "brandId", "currencyId", "minDeposit", "maxDeposit", "minWithdrawal", "maxWithdrawal") values (3, 'LD', 'EUR', 2000, 1000000, 2500, 10000000);
insert into payment_method_limits ("paymentMethodId", "brandId", "currencyId", "minDeposit", "maxDeposit", "minWithdrawal", "maxWithdrawal") values (4, 'LD', 'EUR', 2000, 1000000, 2500, 10000000);
insert into payment_method_limits ("paymentMethodId", "brandId", "currencyId", "minDeposit", "maxDeposit", "minWithdrawal", "maxWithdrawal") values (5, 'LD', 'EUR', 2000, 100000, 0, 0);
insert into payment_method_limits ("paymentMethodId", "brandId", "currencyId", "minDeposit", "maxDeposit", "minWithdrawal", "maxWithdrawal") values (6, 'LD', 'EUR', 2000, 1000000, 0, 0);
insert into payment_method_limits ("paymentMethodId", "brandId", "currencyId", "minDeposit", "maxDeposit", "minWithdrawal", "maxWithdrawal") values (7, 'LD', 'EUR', 2000, 1000000, 0, 0);
insert into payment_method_limits ("paymentMethodId", "brandId", "currencyId", "minDeposit", "maxDeposit", "minWithdrawal", "maxWithdrawal") values (8, 'LD', 'EUR', 2000, 1000000, 0, 0);
insert into payment_method_limits ("paymentMethodId", "brandId", "currencyId", "minDeposit", "maxDeposit", "minWithdrawal", "maxWithdrawal") values (9, 'LD', 'EUR', 2000, 1000000, 0, 0);
insert into payment_method_limits ("paymentMethodId", "brandId", "currencyId", "minDeposit", "maxDeposit", "minWithdrawal", "maxWithdrawal") values (10, 'LD', 'EUR', 2000, 1000000, 0, 0);
insert into payment_method_limits ("paymentMethodId", "brandId", "currencyId", "minDeposit", "maxDeposit", "minWithdrawal", "maxWithdrawal") values (14, 'LD', 'EUR', 2000, 1000000, 0, 0);
insert into payment_method_limits ("paymentMethodId", "brandId", "currencyId", "minDeposit", "maxDeposit", "minWithdrawal", "maxWithdrawal") values (1, 'LD', 'SEK', 20000, 10000000, 25000, 100000000);
insert into payment_method_limits ("paymentMethodId", "brandId", "currencyId", "minDeposit", "maxDeposit", "minWithdrawal", "maxWithdrawal") values (2, 'LD', 'SEK', 20000, 10000000, 25000, 100000000);
insert into payment_method_limits ("paymentMethodId", "brandId", "currencyId", "minDeposit", "maxDeposit", "minWithdrawal", "maxWithdrawal") values (3, 'LD', 'SEK', 20000, 10000000, 25000, 100000000);
insert into payment_method_limits ("paymentMethodId", "brandId", "currencyId", "minDeposit", "maxDeposit", "minWithdrawal", "maxWithdrawal") values (4, 'LD', 'SEK', 20000, 10000000, 25000, 100000000);
insert into payment_method_limits ("paymentMethodId", "brandId", "currencyId", "minDeposit", "maxDeposit", "minWithdrawal", "maxWithdrawal") values (5, 'LD', 'SEK', 20000, 1000000, 0, 0);
insert into payment_method_limits ("paymentMethodId", "brandId", "currencyId", "minDeposit", "maxDeposit", "minWithdrawal", "maxWithdrawal") values (6, 'LD', 'SEK', 20000, 10000000, 0, 0);
insert into payment_method_limits ("paymentMethodId", "brandId", "currencyId", "minDeposit", "maxDeposit", "minWithdrawal", "maxWithdrawal") values (7, 'LD', 'SEK', 20000, 10000000, 0, 0);
insert into payment_method_limits ("paymentMethodId", "brandId", "currencyId", "minDeposit", "maxDeposit", "minWithdrawal", "maxWithdrawal") values (8, 'LD', 'SEK', 20000, 10000000, 0, 0);
insert into payment_method_limits ("paymentMethodId", "brandId", "currencyId", "minDeposit", "maxDeposit", "minWithdrawal", "maxWithdrawal") values (9, 'LD', 'SEK', 20000, 10000000, 0, 0);
insert into payment_method_limits ("paymentMethodId", "brandId", "currencyId", "minDeposit", "maxDeposit", "minWithdrawal", "maxWithdrawal") values (10, 'LD', 'SEK', 20000, 10000000, 0, 0);
insert into payment_method_limits ("paymentMethodId", "brandId", "currencyId", "minDeposit", "maxDeposit", "minWithdrawal", "maxWithdrawal") values (1, 'LD', 'NOK', 20000, 10000000, 25000, 100000000);
insert into payment_method_limits ("paymentMethodId", "brandId", "currencyId", "minDeposit", "maxDeposit", "minWithdrawal", "maxWithdrawal") values (2, 'LD', 'NOK', 20000, 10000000, 25000, 100000000);
insert into payment_method_limits ("paymentMethodId", "brandId", "currencyId", "minDeposit", "maxDeposit", "minWithdrawal", "maxWithdrawal") values (3, 'LD', 'NOK', 20000, 10000000, 25000, 100000000);
insert into payment_method_limits ("paymentMethodId", "brandId", "currencyId", "minDeposit", "maxDeposit", "minWithdrawal", "maxWithdrawal") values (4, 'LD', 'NOK', 20000, 10000000, 25000, 100000000);
insert into payment_method_limits ("paymentMethodId", "brandId", "currencyId", "minDeposit", "maxDeposit", "minWithdrawal", "maxWithdrawal") values (5, 'LD', 'NOK', 20000, 1000000, 0, 0);
insert into payment_method_limits ("paymentMethodId", "brandId", "currencyId", "minDeposit", "maxDeposit", "minWithdrawal", "maxWithdrawal") values (6, 'LD', 'NOK', 20000, 10000000, 0, 0);
insert into payment_method_limits ("paymentMethodId", "brandId", "currencyId", "minDeposit", "maxDeposit", "minWithdrawal", "maxWithdrawal") values (7, 'LD', 'NOK', 20000, 10000000, 0, 0);
insert into payment_method_limits ("paymentMethodId", "brandId", "currencyId", "minDeposit", "maxDeposit", "minWithdrawal", "maxWithdrawal") values (8, 'LD', 'NOK', 20000, 10000000, 0, 0);
insert into payment_method_limits ("paymentMethodId", "brandId", "currencyId", "minDeposit", "maxDeposit", "minWithdrawal", "maxWithdrawal") values (9, 'LD', 'NOK', 20000, 10000000, 0, 0);
insert into payment_method_limits ("paymentMethodId", "brandId", "currencyId", "minDeposit", "maxDeposit", "minWithdrawal", "maxWithdrawal") values (10, 'LD', 'NOK', 20000, 10000000, 0, 0);
insert into payment_method_limits ("paymentMethodId", "brandId", "currencyId", "minDeposit", "maxDeposit", "minWithdrawal", "maxWithdrawal") values (14, 'LD', 'NOK', 20000, 10000000, 0, 0);
insert into payment_method_limits ("paymentMethodId", "brandId", "currencyId", "minDeposit", "maxDeposit", "minWithdrawal", "maxWithdrawal") values (1, 'LD', 'USD', 2000, 1000000, 2500, 10000000);
insert into payment_method_limits ("paymentMethodId", "brandId", "currencyId", "minDeposit", "maxDeposit", "minWithdrawal", "maxWithdrawal") values (2, 'LD', 'USD', 2000, 1000000, 2500, 10000000);
insert into payment_method_limits ("paymentMethodId", "brandId", "currencyId", "minDeposit", "maxDeposit", "minWithdrawal", "maxWithdrawal") values (3, 'LD', 'USD', 2000, 1000000, 2500, 10000000);
insert into payment_method_limits ("paymentMethodId", "brandId", "currencyId", "minDeposit", "maxDeposit", "minWithdrawal", "maxWithdrawal") values (4, 'LD', 'USD', 2000, 1000000, 2500, 10000000);
insert into payment_method_limits ("paymentMethodId", "brandId", "currencyId", "minDeposit", "maxDeposit", "minWithdrawal", "maxWithdrawal") values (5, 'LD', 'USD', 2000, 100000, 0, 0);
insert into payment_method_limits ("paymentMethodId", "brandId", "currencyId", "minDeposit", "maxDeposit", "minWithdrawal", "maxWithdrawal") values (6, 'LD', 'USD', 2000, 1000000, 0, 0);
insert into payment_method_limits ("paymentMethodId", "brandId", "currencyId", "minDeposit", "maxDeposit", "minWithdrawal", "maxWithdrawal") values (7, 'LD', 'USD', 2000, 1000000, 0, 0);
insert into payment_method_limits ("paymentMethodId", "brandId", "currencyId", "minDeposit", "maxDeposit", "minWithdrawal", "maxWithdrawal") values (8, 'LD', 'USD', 2000, 1000000, 0, 0);
insert into payment_method_limits ("paymentMethodId", "brandId", "currencyId", "minDeposit", "maxDeposit", "minWithdrawal", "maxWithdrawal") values (9, 'LD', 'USD', 2000, 1000000, 0, 0);
insert into payment_method_limits ("paymentMethodId", "brandId", "currencyId", "minDeposit", "maxDeposit", "minWithdrawal", "maxWithdrawal") values (10, 'LD', 'USD', 2000, 1000000, 0, 0);
insert into payment_method_limits ("paymentMethodId", "brandId", "currencyId", "minDeposit", "maxDeposit", "minWithdrawal", "maxWithdrawal") values (1, 'LD', 'GBP', 2000, 1000000, 2500, 10000000);
insert into payment_method_limits ("paymentMethodId", "brandId", "currencyId", "minDeposit", "maxDeposit", "minWithdrawal", "maxWithdrawal") values (2, 'LD', 'GBP', 2000, 1000000, 2500, 10000000);
insert into payment_method_limits ("paymentMethodId", "brandId", "currencyId", "minDeposit", "maxDeposit", "minWithdrawal", "maxWithdrawal") values (3, 'LD', 'GBP', 2000, 1000000, 2500, 10000000);
insert into payment_method_limits ("paymentMethodId", "brandId", "currencyId", "minDeposit", "maxDeposit", "minWithdrawal", "maxWithdrawal") values (4, 'LD', 'GBP', 2000, 1000000, 2500, 10000000);
insert into payment_method_limits ("paymentMethodId", "brandId", "currencyId", "minDeposit", "maxDeposit", "minWithdrawal", "maxWithdrawal") values (5, 'LD', 'GBP', 2000, 100000, 0, 0);
insert into payment_method_limits ("paymentMethodId", "brandId", "currencyId", "minDeposit", "maxDeposit", "minWithdrawal", "maxWithdrawal") values (6, 'LD', 'GBP', 2000, 1000000, 0, 0);
insert into payment_method_limits ("paymentMethodId", "brandId", "currencyId", "minDeposit", "maxDeposit", "minWithdrawal", "maxWithdrawal") values (7, 'LD', 'GBP', 2000, 1000000, 0, 0);
insert into payment_method_limits ("paymentMethodId", "brandId", "currencyId", "minDeposit", "maxDeposit", "minWithdrawal", "maxWithdrawal") values (8, 'LD', 'GBP', 2000, 1000000, 0, 0);
insert into payment_method_limits ("paymentMethodId", "brandId", "currencyId", "minDeposit", "maxDeposit", "minWithdrawal", "maxWithdrawal") values (9, 'LD', 'GBP', 2000, 1000000, 0, 0);
insert into payment_method_limits ("paymentMethodId", "brandId", "currencyId", "minDeposit", "maxDeposit", "minWithdrawal", "maxWithdrawal") values (10, 'LD', 'GBP', 2000, 1000000, 0, 0);

insert into payment_method_limits ("paymentMethodId", "brandId", "currencyId", "minDeposit", "maxDeposit", "minWithdrawal", "maxWithdrawal") values (1, 'CJ', 'EUR', 2500, 1000000, 2500, 10000000);
insert into payment_method_limits ("paymentMethodId", "brandId", "currencyId", "minDeposit", "maxDeposit", "minWithdrawal", "maxWithdrawal") values (2, 'CJ', 'EUR', 2500, 1000000, 2500, 10000000);
insert into payment_method_limits ("paymentMethodId", "brandId", "currencyId", "minDeposit", "maxDeposit", "minWithdrawal", "maxWithdrawal") values (3, 'CJ', 'EUR', 2500, 1000000, 2500, 10000000);
insert into payment_method_limits ("paymentMethodId", "brandId", "currencyId", "minDeposit", "maxDeposit", "minWithdrawal", "maxWithdrawal") values (4, 'CJ', 'EUR', 2500, 1000000, 2500, 10000000);
insert into payment_method_limits ("paymentMethodId", "brandId", "currencyId", "minDeposit", "maxDeposit", "minWithdrawal", "maxWithdrawal") values (5, 'CJ', 'EUR', 2500, 100000, 0, 0);
insert into payment_method_limits ("paymentMethodId", "brandId", "currencyId", "minDeposit", "maxDeposit", "minWithdrawal", "maxWithdrawal") values (6, 'CJ', 'EUR', 2500, 1000000, 0, 0);
insert into payment_method_limits ("paymentMethodId", "brandId", "currencyId", "minDeposit", "maxDeposit", "minWithdrawal", "maxWithdrawal") values (7, 'CJ', 'EUR', 2500, 1000000, 0, 0);
insert into payment_method_limits ("paymentMethodId", "brandId", "currencyId", "minDeposit", "maxDeposit", "minWithdrawal", "maxWithdrawal") values (8, 'CJ', 'EUR', 2500, 1000000, 0, 0);
insert into payment_method_limits ("paymentMethodId", "brandId", "currencyId", "minDeposit", "maxDeposit", "minWithdrawal", "maxWithdrawal") values (9, 'CJ', 'EUR', 2500, 1000000, 0, 0);
insert into payment_method_limits ("paymentMethodId", "brandId", "currencyId", "minDeposit", "maxDeposit", "minWithdrawal", "maxWithdrawal") values (10, 'CJ', 'EUR', 2500, 1000000, 0, 0);
insert into payment_method_limits ("paymentMethodId", "brandId", "currencyId", "minDeposit", "maxDeposit", "minWithdrawal", "maxWithdrawal") values (1, 'CJ', 'SEK', 25000, 10000000, 25000, 100000000);
insert into payment_method_limits ("paymentMethodId", "brandId", "currencyId", "minDeposit", "maxDeposit", "minWithdrawal", "maxWithdrawal") values (2, 'CJ', 'SEK', 25000, 10000000, 25000, 100000000);
insert into payment_method_limits ("paymentMethodId", "brandId", "currencyId", "minDeposit", "maxDeposit", "minWithdrawal", "maxWithdrawal") values (3, 'CJ', 'SEK', 25000, 10000000, 25000, 100000000);
insert into payment_method_limits ("paymentMethodId", "brandId", "currencyId", "minDeposit", "maxDeposit", "minWithdrawal", "maxWithdrawal") values (4, 'CJ', 'SEK', 25000, 10000000, 25000, 100000000);
insert into payment_method_limits ("paymentMethodId", "brandId", "currencyId", "minDeposit", "maxDeposit", "minWithdrawal", "maxWithdrawal") values (5, 'CJ', 'SEK', 25000, 1000000, 0, 0);
insert into payment_method_limits ("paymentMethodId", "brandId", "currencyId", "minDeposit", "maxDeposit", "minWithdrawal", "maxWithdrawal") values (6, 'CJ', 'SEK', 25000, 10000000, 0, 0);
insert into payment_method_limits ("paymentMethodId", "brandId", "currencyId", "minDeposit", "maxDeposit", "minWithdrawal", "maxWithdrawal") values (7, 'CJ', 'SEK', 25000, 10000000, 0, 0);
insert into payment_method_limits ("paymentMethodId", "brandId", "currencyId", "minDeposit", "maxDeposit", "minWithdrawal", "maxWithdrawal") values (8, 'CJ', 'SEK', 25000, 10000000, 0, 0);
insert into payment_method_limits ("paymentMethodId", "brandId", "currencyId", "minDeposit", "maxDeposit", "minWithdrawal", "maxWithdrawal") values (9, 'CJ', 'SEK', 25000, 10000000, 0, 0);
insert into payment_method_limits ("paymentMethodId", "brandId", "currencyId", "minDeposit", "maxDeposit", "minWithdrawal", "maxWithdrawal") values (10, 'CJ', 'SEK', 25000, 10000000, 0, 0);
insert into payment_method_limits ("paymentMethodId", "brandId", "currencyId", "minDeposit", "maxDeposit", "minWithdrawal", "maxWithdrawal") values (1, 'CJ', 'NOK', 25000, 10000000, 25000, 100000000);
insert into payment_method_limits ("paymentMethodId", "brandId", "currencyId", "minDeposit", "maxDeposit", "minWithdrawal", "maxWithdrawal") values (2, 'CJ', 'NOK', 25000, 10000000, 25000, 100000000);
insert into payment_method_limits ("paymentMethodId", "brandId", "currencyId", "minDeposit", "maxDeposit", "minWithdrawal", "maxWithdrawal") values (3, 'CJ', 'NOK', 25000, 10000000, 25000, 100000000);
insert into payment_method_limits ("paymentMethodId", "brandId", "currencyId", "minDeposit", "maxDeposit", "minWithdrawal", "maxWithdrawal") values (4, 'CJ', 'NOK', 25000, 10000000, 25000, 100000000);
insert into payment_method_limits ("paymentMethodId", "brandId", "currencyId", "minDeposit", "maxDeposit", "minWithdrawal", "maxWithdrawal") values (5, 'CJ', 'NOK', 25000, 1000000, 0, 0);
insert into payment_method_limits ("paymentMethodId", "brandId", "currencyId", "minDeposit", "maxDeposit", "minWithdrawal", "maxWithdrawal") values (6, 'CJ', 'NOK', 25000, 10000000, 0, 0);
insert into payment_method_limits ("paymentMethodId", "brandId", "currencyId", "minDeposit", "maxDeposit", "minWithdrawal", "maxWithdrawal") values (7, 'CJ', 'NOK', 25000, 10000000, 0, 0);
insert into payment_method_limits ("paymentMethodId", "brandId", "currencyId", "minDeposit", "maxDeposit", "minWithdrawal", "maxWithdrawal") values (8, 'CJ', 'NOK', 25000, 10000000, 0, 0);
insert into payment_method_limits ("paymentMethodId", "brandId", "currencyId", "minDeposit", "maxDeposit", "minWithdrawal", "maxWithdrawal") values (9, 'CJ', 'NOK', 25000, 10000000, 0, 0);
insert into payment_method_limits ("paymentMethodId", "brandId", "currencyId", "minDeposit", "maxDeposit", "minWithdrawal", "maxWithdrawal") values (10, 'CJ', 'NOK', 25000, 10000000, 0, 0);
insert into payment_method_limits ("paymentMethodId", "brandId", "currencyId", "minDeposit", "maxDeposit", "minWithdrawal", "maxWithdrawal") values (1, 'CJ', 'USD', 2500, 1000000, 2500, 10000000);
insert into payment_method_limits ("paymentMethodId", "brandId", "currencyId", "minDeposit", "maxDeposit", "minWithdrawal", "maxWithdrawal") values (2, 'CJ', 'USD', 2500, 1000000, 2500, 10000000);
insert into payment_method_limits ("paymentMethodId", "brandId", "currencyId", "minDeposit", "maxDeposit", "minWithdrawal", "maxWithdrawal") values (3, 'CJ', 'USD', 2500, 1000000, 2500, 10000000);
insert into payment_method_limits ("paymentMethodId", "brandId", "currencyId", "minDeposit", "maxDeposit", "minWithdrawal", "maxWithdrawal") values (4, 'CJ', 'USD', 2500, 1000000, 2500, 10000000);
insert into payment_method_limits ("paymentMethodId", "brandId", "currencyId", "minDeposit", "maxDeposit", "minWithdrawal", "maxWithdrawal") values (5, 'CJ', 'USD', 2500, 100000, 0, 0);
insert into payment_method_limits ("paymentMethodId", "brandId", "currencyId", "minDeposit", "maxDeposit", "minWithdrawal", "maxWithdrawal") values (6, 'CJ', 'USD', 2500, 1000000, 0, 0);
insert into payment_method_limits ("paymentMethodId", "brandId", "currencyId", "minDeposit", "maxDeposit", "minWithdrawal", "maxWithdrawal") values (7, 'CJ', 'USD', 2500, 1000000, 0, 0);
insert into payment_method_limits ("paymentMethodId", "brandId", "currencyId", "minDeposit", "maxDeposit", "minWithdrawal", "maxWithdrawal") values (8, 'CJ', 'USD', 2500, 1000000, 0, 0);
insert into payment_method_limits ("paymentMethodId", "brandId", "currencyId", "minDeposit", "maxDeposit", "minWithdrawal", "maxWithdrawal") values (9, 'CJ', 'USD', 2500, 1000000, 0, 0);
insert into payment_method_limits ("paymentMethodId", "brandId", "currencyId", "minDeposit", "maxDeposit", "minWithdrawal", "maxWithdrawal") values (10, 'CJ', 'USD', 2500, 1000000, 0, 0);
insert into payment_method_limits ("paymentMethodId", "brandId", "currencyId", "minDeposit", "maxDeposit", "minWithdrawal", "maxWithdrawal") values (1, 'CJ', 'GBP', 2500, 1000000, 2500, 10000000);
insert into payment_method_limits ("paymentMethodId", "brandId", "currencyId", "minDeposit", "maxDeposit", "minWithdrawal", "maxWithdrawal") values (2, 'CJ', 'GBP', 2500, 1000000, 2500, 10000000);
insert into payment_method_limits ("paymentMethodId", "brandId", "currencyId", "minDeposit", "maxDeposit", "minWithdrawal", "maxWithdrawal") values (3, 'CJ', 'GBP', 2500, 1000000, 2500, 10000000);
insert into payment_method_limits ("paymentMethodId", "brandId", "currencyId", "minDeposit", "maxDeposit", "minWithdrawal", "maxWithdrawal") values (4, 'CJ', 'GBP', 2500, 1000000, 2500, 10000000);
insert into payment_method_limits ("paymentMethodId", "brandId", "currencyId", "minDeposit", "maxDeposit", "minWithdrawal", "maxWithdrawal") values (5, 'CJ', 'GBP', 2500, 100000, 0, 0);
insert into payment_method_limits ("paymentMethodId", "brandId", "currencyId", "minDeposit", "maxDeposit", "minWithdrawal", "maxWithdrawal") values (6, 'CJ', 'GBP', 2500, 1000000, 0, 0);
insert into payment_method_limits ("paymentMethodId", "brandId", "currencyId", "minDeposit", "maxDeposit", "minWithdrawal", "maxWithdrawal") values (7, 'CJ', 'GBP', 2500, 1000000, 0, 0);
insert into payment_method_limits ("paymentMethodId", "brandId", "currencyId", "minDeposit", "maxDeposit", "minWithdrawal", "maxWithdrawal") values (8, 'CJ', 'GBP', 2500, 1000000, 0, 0);
insert into payment_method_limits ("paymentMethodId", "brandId", "currencyId", "minDeposit", "maxDeposit", "minWithdrawal", "maxWithdrawal") values (9, 'CJ', 'GBP', 2500, 1000000, 0, 0);
insert into payment_method_limits ("paymentMethodId", "brandId", "currencyId", "minDeposit", "maxDeposit", "minWithdrawal", "maxWithdrawal") values (10, 'CJ', 'GBP', 2500, 1000000, 0, 0);

insert into payment_method_limits ("paymentMethodId", "brandId", "currencyId", "minDeposit", "maxDeposit", "minWithdrawal", "maxWithdrawal") values (1, 'KK', 'EUR', 2000, 1000000, 2500, 10000000);
insert into payment_method_limits ("paymentMethodId", "brandId", "currencyId", "minDeposit", "maxDeposit", "minWithdrawal", "maxWithdrawal") values (2, 'KK', 'EUR', 2000, 1000000, 2500, 10000000);
insert into payment_method_limits ("paymentMethodId", "brandId", "currencyId", "minDeposit", "maxDeposit", "minWithdrawal", "maxWithdrawal") values (3, 'KK', 'EUR', 2000, 1000000, 2500, 10000000);
insert into payment_method_limits ("paymentMethodId", "brandId", "currencyId", "minDeposit", "maxDeposit", "minWithdrawal", "maxWithdrawal") values (4, 'KK', 'EUR', 2000, 1000000, 2500, 10000000);
insert into payment_method_limits ("paymentMethodId", "brandId", "currencyId", "minDeposit", "maxDeposit", "minWithdrawal", "maxWithdrawal") values (5, 'KK', 'EUR', 2000, 100000, 0, 0);
insert into payment_method_limits ("paymentMethodId", "brandId", "currencyId", "minDeposit", "maxDeposit", "minWithdrawal", "maxWithdrawal") values (6, 'KK', 'EUR', 2000, 1000000, 0, 0);
insert into payment_method_limits ("paymentMethodId", "brandId", "currencyId", "minDeposit", "maxDeposit", "minWithdrawal", "maxWithdrawal") values (7, 'KK', 'EUR', 2000, 1000000, 0, 0);
insert into payment_method_limits ("paymentMethodId", "brandId", "currencyId", "minDeposit", "maxDeposit", "minWithdrawal", "maxWithdrawal") values (8, 'KK', 'EUR', 2000, 1000000, 0, 0);
insert into payment_method_limits ("paymentMethodId", "brandId", "currencyId", "minDeposit", "maxDeposit", "minWithdrawal", "maxWithdrawal") values (9, 'KK', 'EUR', 2000, 1000000, 0, 0);
insert into payment_method_limits ("paymentMethodId", "brandId", "currencyId", "minDeposit", "maxDeposit", "minWithdrawal", "maxWithdrawal") values (10, 'KK', 'EUR', 2000, 1000000, 0, 0);

insert into payment_method_limits ("paymentMethodId", "brandId", "currencyId", "minDeposit", "maxDeposit", "minWithdrawal", "maxWithdrawal") values (1, 'OS', 'NOK', 20000, 10000000, 25000, 100000000);
insert into payment_method_limits ("paymentMethodId", "brandId", "currencyId", "minDeposit", "maxDeposit", "minWithdrawal", "maxWithdrawal") values (2, 'OS', 'NOK', 20000, 10000000, 25000, 100000000);
insert into payment_method_limits ("paymentMethodId", "brandId", "currencyId", "minDeposit", "maxDeposit", "minWithdrawal", "maxWithdrawal") values (3, 'OS', 'NOK', 20000, 10000000, 25000, 100000000);
insert into payment_method_limits ("paymentMethodId", "brandId", "currencyId", "minDeposit", "maxDeposit", "minWithdrawal", "maxWithdrawal") values (4, 'OS', 'NOK', 20000, 10000000, 25000, 100000000);
insert into payment_method_limits ("paymentMethodId", "brandId", "currencyId", "minDeposit", "maxDeposit", "minWithdrawal", "maxWithdrawal") values (5, 'OS', 'NOK', 20000, 1000000, 0, 0);
insert into payment_method_limits ("paymentMethodId", "brandId", "currencyId", "minDeposit", "maxDeposit", "minWithdrawal", "maxWithdrawal") values (6, 'OS', 'NOK', 20000, 10000000, 0, 0);
insert into payment_method_limits ("paymentMethodId", "brandId", "currencyId", "minDeposit", "maxDeposit", "minWithdrawal", "maxWithdrawal") values (7, 'OS', 'NOK', 20000, 10000000, 0, 0);
insert into payment_method_limits ("paymentMethodId", "brandId", "currencyId", "minDeposit", "maxDeposit", "minWithdrawal", "maxWithdrawal") values (8, 'OS', 'NOK', 20000, 10000000, 0, 0);
insert into payment_method_limits ("paymentMethodId", "brandId", "currencyId", "minDeposit", "maxDeposit", "minWithdrawal", "maxWithdrawal") values (9, 'OS', 'NOK', 20000, 10000000, 0, 0);
insert into payment_method_limits ("paymentMethodId", "brandId", "currencyId", "minDeposit", "maxDeposit", "minWithdrawal", "maxWithdrawal") values (10, 'OS', 'NOK', 20000, 10000000, 0, 0);


insert into
  promotions("id", "brandId", "name", "multiplier", "autoStart", "active")
values
  (1, 'LD', 'LD_REWARDS', 100, true, true),
  (2, 'LD', 'LD_TEST', 70, false, true),
  (3, 'CJ', 'CJ_Bounties_new', 70, false, true),
  (4, 'CJ', 'CJ_LOYALTY_POINTS', 100, true, true),
  (5, 'KK', 'Kalevala_Meter', 100, true, true),
  (6, 'OS', 'Olaspill_Meter', 100, true, true);

insert into promotions("id", "brandId", "name", "multiplier", "autoStart", "allGames", "calculateRounds", "active") values (7, 'LD', 'LD_BET_COUNT_TEST', 80, false, true, true, true);
insert into promotions("id", "brandId", "name", "multiplier", "autoStart", "allGames", "calculateRounds", "active") values (8, 'LD', 'LD_GAME_PROMOTION', 80, false, false, true, true);
insert into promotions("id", "brandId", "name", "multiplier", "autoStart", "allGames", "calculateRounds", "active", "minimumContribution") values (9, 'LD', 'LD_MINIMUM_CONTRIBUTION', 100, false, true, false, true, 100);
